"Product name","Product ID","Product Combinations ID","Pre-tax retail price","Quantity","Combinations (Attribute - value pair)"
"Card - Eagle Moon","14","","5.50","42",""
"Card - Giving Thanks","17","","5.50","15",""
"Card - Honoring the Giver of Life","20","","5.50","15",""
"Card - Moon Wisdom","23","","5.50","20",""
"Card - Teachings","30","","5.50","13",""
"Card - Strength Within","34","","5.50","29",""
"Card - Reaching Out","35","","5.50","11",""
"Card - Trust","40","","5.50","19",""
"Card - Whisper","44","","5.50","36",""
"Card - A Moose and Goose","47","","5.50","12",""
"Card - Sky Sisters","51","","5.50","18",""
"Card - Merging Earth and Sky","54","","5.50","12",""
"Card - Geese Spirit","58","","5.50","55",""
"Card - New Day","61","","5.50","5",""
"Card - Patience","64","","5.50","17",""
"Card - Birth of Eagle Shadow","67","","5.50","10",""
"Card - Unity","70","","5.50","20",""
"Card - River Keeper","73","","5.50","24",""
"Card - Rebirth","76","","5.50","19",""
"Card - Nostalgia","79","","5.50","22",""
"Card - Journey to the Spirit orld","82","","5.50","27",""
"Card - Passage","85","","5.50","16",""
"Card - Breath of Life","88","","5.50","21",""
"Card - Synchronicity","92","","5.50","21",""
"Card - Winter Wolves","95","","5.50","21",""
"Card - Dialogue","98","","5.50","25",""
"Card - Gate of Silk","101","","5.50","25",""
"Card - Earth Keeper","104","","5.50","17",""
"Card - Going Home","107","","5.50","23",""
"Card - Early Evening Flowing Into Fall","113","","5.50","6",""
"Bill Helin Killer Whale Halo Mug","119","","11.00","5",""
"Bill Helin Chilkat Halo Mug","131","","11.00","3",""
"Bill Helin Raven Oven Mitt","171","","16.00","2",""
"Bill Helin Raven Salad Servers","175","1063;1064","48.00","1;2","Colors - Rosewood;Colors - Charcoal"
"Andrew Williams Hummingbird Trivet or Coasters","183","","12.50","2",""
"Anthony Joseph Salmon Halo Mug","200","","11.00","5",""
"Corrine Hunt Sea to Sky Cheese Knife","240","","46.00","3",""
"Corrinr Hunt Sea to Sky Cheese Knife and Fork Set","248","","65.00","4",""
"Corrine Hunt Collection Namwayut  Salad Servers","249","","53.00","2",""
"Card - The Protector","251","","5.50","21",""
"Card - Sky Girl","257","","5.50","18",""
"Card - Passing Through","262","","5.50","19",""
"Card - Tranquility","268","","5.50","16",""
"Card - Lapinx","278","","5.50","23",""
"Card - The Return","285","","5.50","16",""
"Card - Otherness","290","","5.50","16",""
"Card - Origins","294","","5.50","22",""
"Card - Northern Keepers","299","","5.50","26",""
"Card - Zenith","304","","5.50","17",""
"Card - Silent Seekers","309","","5.50","29",""
"Card - Wisdom Keepers","313","","5.50","12",""
"Card - Messenger","315","","5.50","18",""
"Card - Gezaluwejit","318","","5.50","14",""
"Card - In Her World","321","","5.50","24",""
"Card - Inner Memories","324","","5.50","23",""
"Card - Curiously","331","","5.50","19",""
"Card - Ice Dream","332","","5.50","19",""
"Card - Playing With Shadows","335","","5.50","19",""
"Card - Roots Of Another World","338","","5.50","8",""
"Card - Harmony","341","","5.50","25",""
"Card - Sharing","344","","5.50","32",""
"Card - Carried Away","347","","5.50","11",""
"Card - Water and Spirit Buffalo","350","","5.50","19",""
"Connie Dickens Raven Zip Tote Bag","356","","44.00","2",""
"Connie Dickens Raven Town Bag","357","","48.50","2",""
"Connie Dickens Raven Zip Pouch","359","","17.00","2",""
"Connie Dickens Raven Coin Purse","360","","13.00","2",""
"Kelly Robinson Eagle Passport Purse","367","","35.00","4",""
"Kelly Robinson Eagle Passport Purse","368","","35.00","5",""
"Kelly Robinson Eagle Zip Pouch","372","","17.00","2",""
"Corrine Hunt Silk Inspiration Bangle","373","1038;1039;1040","46.00","2;0;0","Size - S;Size - M;Size - L"
"Corrine Hunt Silk Inspiration Cuff Bracelet","375","1033;1034","55.00","1;1","Size - S;Size - M"
"Corrine Hunt Silk Inspiration Cuff Bracelet","376","1031;1032","55.00","1;1","Size - S;Size - M"
"Corrine Hunt Silk Inspiration Trapezoid Earrings","383","","38.00","2",""
"Corrine Hunt Silk Inspiration Round Pendant","393","","38.00","2",""
"Corrine Hunt Silk Inspiration Round Pendant","394","","38.00","3",""
"Kelly Robinson Silk Inspiration Cuff Bracelet","397","1023;1024","55.00","0;2","Size - S;Size - M"
"Kelly Robinson Silk Inspiration Cuff Bracelet","398","1021;1022","55.00","1;1","Size - S;Size - M"
"Kelly Robinson Silk Inspiration Oval Earrings","401","","38.00","2",""
"Kelly Robinson Silk Inspiration Oval Earrings","402","","38.00","3",""
"Kelly Robinson Silk Inspiration Trapezoid Earrings","404","","38.00","2",""
"Kelly Robinson Silk Inspiration Triangle Earrings","405","","38.00","2",""
"Kelly Robinson Silk Inspiration Round Pendant","410","","38.00","2",""
"Corrine Hunt Eagle Earrings","424","","70.00","2",""
"Corrine Hunt Eagle Earrings","427","","75.00","2",""
"Corrine Hunt Eagle Pendant","443","","75.00","2",""
"CMH Sea Monster Box","456","","58.50","2",""
"Haida Gwaii Octopus Platter","462","","355.00","2",""
"Haida Gwaii Sea Wolf Platter","463","","360.00","2",""
"Potlatch Bear Dish","477","","97.00","2",""
"Potlatch Loon Bowl","481","","97.00","2",""
"Moccasins Bear Box","485","1087;1088;1089","65.00","0;4;1","Shoes Size - 18 months;Shoes Size - 24 months;Shoes Size - 36 months"
"City Bag, Bear Box","489","4027;4028;4029;4030","92.00","0;0;1;1","Colors - Black;Colors - Red;Colors - Turquoise;Colors - Walnut"
"Porte-monnaie Bear Box","501","106;107;108;109;110;111;112;113;114;115;116;117","28.75","2;0;0;0;0;0;0;1;0;1;1;0","Colors - Black;Colors - Red;Colors - Cherry;Colors - Navy Blue;Colors - Turquoise;Colors - Walnut;Colors - Black Deer;Colors - Red Deer;Colors - Light Brown Deer;Colors - Turquoise Deer;Colors - Bronze;Colors - Teal Deer"
"Mini Coin Purse Bear Box","502","102;103;104;105;2069;3952","23.00","3;1;2;5;2;2","Colors - Black;Colors - Red;Colors - Turquoise;Colors - Light Brown;Colors - Walnut;Colors - Yellow"
"Passport Pouch Bear Box","509","4097;4098;4099;4100;4102;4121;7834","62.00","0;1;1;1;1;1;0","Colors - Black;Colors - Red;Colors - Walnut;Colors - Turquoise;Colors - Teal ;Colors - Bronze;Colors - Cream"
"Sacoche de Soirée, Bear Box","525","4078;4079;4081;4082;4084;4090","46.00","0;0;1;1;0;0","Colors - Black;Colors - Red;Colors - Turquoise;Colors - Tan;Colors - Bronze;Colors - Cherry"
"Ladies Suede Slippers","565","786;787;788;789;790;791;792;793;794","94.00","0;0;2;0;0;0;0;0;0","Shoes Size - 5;Shoes Size - 6;Shoes Size - 7;Shoes Size - 8;Shoes Size - 9;Shoes Size - 10;Shoes Size - 11;Shoes Size - 12;Shoes Size - 4"
"Suede Slippers with sole","583","949;954;7162;7163;7164;7165;7166;7167;7168","110.00","0;2;0;0;0;0;0;0;0","Shoes Size - 6;Shoes Size - 11;Shoes Size - 12;Shoes Size - 4;Shoes Size - 5;Shoes Size - 7;Shoes Size - 8;Shoes Size - 9;Shoes Size - 10"
"Small Print - Eagle Moon","607","","25.00","10",""
"Small Print - Giving Thanks","608","","25.00","10",""
"Small Print - Honoring the Giver of Life","609","","25.00","8",""
"Small Print - Moon Wisdom","610","","25.00","16",""
"Small Print - New Fire","611","","25.00","17",""
"Small Print - Teachings","612","","25.00","14",""
"Small Print - Reaching Out","614","","25.00","7",""
"Small Print - Trust","615","","25.00","10",""
"Small Print - Whisper","616","","25.00","11",""
"Small Print - A Moose and Goose","617","","25.00","14",""
"Small Print - Sky Sisters","618","","25.00","17",""
"Small Print - Merging Earth and Sky","619","","25.00","17",""
"Small Print - Geese Spirit","620","","25.00","14",""
"Small Print - New Day","621","","25.00","11",""
"Small Print - Patience","622","","25.00","16",""
"Small Print - Birth of an Eagle Shadow","623","","25.00","16",""
"Small Print - Unity","624","","25.00","11",""
"Small Print - River Keeper","625","","25.00","13",""
"Small Print - Rebirth","626","","25.00","14",""
"Small Print - Nostalgia","627","","25.00","13",""
"Small Print - Journey to the Spirit World","628","","25.00","13",""
"Small Print - Passage","629","","25.00","6",""
"Small Print - Breath of Life","630","","25.00","16",""
"Small Print - Synchronicity","631","","25.00","17",""
"Small Print - Winter wolves","632","","25.00","15",""
"Small Print - Dialogue","633","","25.00","17",""
"Small Print - Gate of Silk","634","","25.00","19",""
"Small Print - Earth Keeper","635","","25.00","16",""
"Small Print - Going Home","636","","25.00","16",""
"Small Print - Early Evening Flowing Into Fall","638","","25.00","9",""
"Small Print - The Protector","640","","25.00","18",""
"Small Print - Sky Girl","641","","25.00","14",""
"Small Print - Passing Through","642","","25.00","12",""
"Small print - Tranquility","643","","25.00","14",""
"Small Print - Abundance","644","","25.00","15",""
"Small Print - Lapinx","645","","25.00","15",""
"Small Print - The Return","646","","25.00","14",""
"Small print - Otherness","647","","25.00","13",""
"Small Print - Origins","648","","25.00","14",""
"Small Print - Northern Keepers","649","","25.00","9",""
"Small Print - Zenith","650","","25.00","16",""
"Small Print - Silent Seekers","651","","25.00","18",""
"Small Print - Wisdom Keepers","652","","25.00","17",""
"Small Print - Messenger","653","","25.00","17",""
"Small Print - Gezaluwejit","654","","25.00","9",""
"Small Print - In Her World","655","","25.00","18",""
"Small Print - Inner Memories","656","","25.00","16",""
"Small Print - Ice Dream","658","","25.00","14",""
"Small Print - Playing With Shadows","659","","25.00","15",""
"Small Print - Roots Of Another World","660","","25.00","12",""
"Small Print - Harmony","661","","25.00","14",""
"Small Print - Carried Away","663","","25.00","11",""
"Small Print - Water and Spirit Buffalo","664","","25.00","19",""
"Ltd Edition - Giving Thanks","666","1597;1598;1599;1600","0.00","2;0;0;0","Frame Options - Without frame ;Frame Options - Black rustic frame 1"";Frame Options - Brown rustic frame 1"";Frame Options - Grey rustic frame 1"""
"Ltd Edition - Honoring the Giver of Life","667","1601;1602;1603;1604","0.00","3;0;0;0","Frame Options - Without frame ;Frame Options - Black rustic frame 1"";Frame Options - Brown rustic frame 1"";Frame Options - Grey rustic frame 1"""
"Ltd Edition - New Fire","669","1609;1610;1611;1612","0.00","2;0;0;0","Frame Options - Without frame ;Frame Options - Black rustic frame 1"";Frame Options - Brown rustic frame 1"";Frame Options - Grey rustic frame 1"""
"Ltd Edition - Whisper","674","1905;1906;1907;1908","0.00","3;0;0;0","Frame Options - Without frame ;Frame Options - Black rustic frame 1"";Frame Options - Brown rustic frame 1"";Frame Options - Grey rustic frame 1"""
"Ltd Edition - A Moose and Goose","675","1801;1802;1803;1804","0.00","2;0;0;0","Frame Options - Without frame ;Frame Options - Black rustic frame 1"";Frame Options - Brown rustic frame 1"";Frame Options - Grey rustic frame 1"""
"Ltd Edition - Patience","680","1889;1890;1891;1892","0.00","2;0;0;0","Frame Options - Without frame ;Frame Options - Black rustic frame 1"";Frame Options - Brown rustic frame 1"";Frame Options - Grey rustic frame 1"""
"Ltd Edition - Unity","682","1805;1806;1807;1808","0.00","2;0;0;0","Frame Options - Without frame ;Frame Options - Black rustic frame 1"";Frame Options - Brown rustic frame 1"";Frame Options - Grey rustic frame 1"""
"Ltd Edition - River Keeper","683","1909;1910;1911;1912","0.00","2;0;0;0","Frame Options - Without frame ;Frame Options - Black rustic frame 1"";Frame Options - Brown rustic frame 1"";Frame Options - Grey rustic frame 1"""
"Ltd Edition - Rebirth","684","1809;1810;1811;1812","0.00","2;0;0;0","Frame Options - Without frame ;Frame Options - Black rustic frame 1"";Frame Options - Brown rustic frame 1"";Frame Options - Grey rustic frame 1"""
"Ltd Edition - Nostalgia","685","1813;1814;1815;1816","0.00","2;0;0;0","Frame Options - Without frame ;Frame Options - Black rustic frame 1"";Frame Options - Grey rustic frame 1"";Frame Options - Brown rustic frame 1"""
"Ltd Edition - Passage","687","1625;1626;1627;1628","0.00","2;0;0;0","Frame Options - Without frame ;Frame Options - Black rustic frame 1"";Frame Options - Brown rustic frame 1"";Frame Options - Grey rustic frame 1"""
"Ltd Edition - Dialogue","691","1873;1874;1875;1876","0.00","2;0;0;0","Frame Options - Without frame ;Frame Options - Black rustic frame 1"";Frame Options - Brown rustic frame 1"";Frame Options - Grey rustic frame 1"""
"Ltd Edition - Gate of Silk","692","1737;1738;1739;1740","0.00","2;0;0;0","Frame Options - Without frame ;Frame Options - Black rustic frame 1"";Frame Options - Brown rustic frame 1"";Frame Options - Grey rustic frame 1"""
"Ltd Edition - Early Evening Flowing into Fall","696","1741;1742;1743;1744","0.00","2;0;0;0","Frame Options - Without frame ;Frame Options - Black rustic frame 1"";Frame Options - Brown rustic frame 1"";Frame Options - Grey rustic frame 1"""
"Ltd Edition - Sky Girl","699","1641;1642;1643;1644","0.00","2;0;0;0","Frame Options - Without frame ;Frame Options - Black rustic frame 1"";Frame Options - Brown rustic frame 1"";Frame Options - Grey rustic frame 1"""
"Ltd Edition - Passing Through","700","1817;1818;1819;1820","0.00","2;0;0;0","Frame Options - Without frame ;Frame Options - Black rustic frame 1"";Frame Options - Brown rustic frame 1"";Frame Options - Grey rustic frame 1"""
"Ltd Edition - Tranquility","701","1645;1646;1647;1648","0.00","2;0;0;0","Frame Options - Without frame ;Frame Options - Black rustic frame 1"";Frame Options - Brown rustic frame 1"";Frame Options - Grey rustic frame 1"""
"Ltd Edition - Abundance","702","1649;1650;1651;1652","0.00","2;0;0;0","Frame Options - Without frame ;Frame Options - Brown rustic frame 1"";Frame Options - Black rustic frame 1"";Frame Options - Grey rustic frame 1"""
"Ltd Edition - Lapinx","703","1917;1918;1919;1920","0.00","2;0;0;0","Frame Options - Without frame ;Frame Options - Black rustic frame 1"";Frame Options - Brown rustic frame 1"";Frame Options - Grey rustic frame 1"""
"Ltd Edition - The Return","704","1745;1746;1747;1748","0.00","2;0;0;0","Frame Options - Without frame ;Frame Options - Black rustic frame 1"";Frame Options - Brown rustic frame 1"";Frame Options - Grey rustic frame 1"""
"Ltd Edition - Otherness","705","1877;1878;1879;1880","0.00","2;0;0;0","Frame Options - Without frame ;Frame Options - Black rustic frame 1"";Frame Options - Brown rustic frame 1"";Frame Options - Grey rustic frame 1"""
"Ltd Edition - Zenith","708","1921;1922;1923;1924","0.00","2;0;0;0","Frame Options - Without frame ;Frame Options - Black rustic frame 1"";Frame Options - Brown rustic frame 1"";Frame Options - Grey rustic frame 1"""
"Ltd Edition - Silent Seekers","709","1881;1882;1883;1884","0.00","3;0;0;0","Frame Options - Without frame ;Frame Options - Black rustic frame 1"";Frame Options - Brown rustic frame 1"";Frame Options - Grey rustic frame 1"""
"Ltd Edition - Messenger","711","1893;1894;1895;1896","0.00","2;0;0;0","Frame Options - Without frame ;Frame Options - Black rustic frame 1"";Frame Options - Brown rustic frame 1"";Frame Options - Grey rustic frame 1"""
"Ltd Edition - Gezaluwejit","712","1529;1530;1531;1532","0.00","2;0;0;0","Frame Options - Without frame ;Frame Options - Black rustic frame 1"";Frame Options - Brown rustic frame 1"";Frame Options - Grey rustic frame 1"""
"Ltd Edition - Inner Memories","714","1753;1754;1755;1756","0.00","4;0;0;0","Frame Options - Without frame ;Frame Options - Black rustic frame 1"";Frame Options - Brown rustic frame 1"";Frame Options - Grey rustic frame 1"""
"Ltd Edition - Ice Dream","716","1757;1758;1759;1760","0.00","2;0;0;0","Frame Options - Without frame ;Frame Options - Black rustic frame 1"";Frame Options - Brown rustic frame 1"";Frame Options - Grey rustic frame 1"""
"Ltd Edition - Roots Of Another World","718","1765;1766;1767;1768","0.00","2;0;0;0","Frame Options - Without frame ;Frame Options - Black rustic frame 1"";Frame Options - Brown rustic frame 1"";Frame Options - Grey rustic frame 1"""
"Ltd Edition - Carried Away","721","1897;1898;1899;1900","0.00","2;0;0;0","Frame Options - Without frame ;Frame Options - Black rustic frame 1"";Frame Options - Brown rustic frame 1"";Frame Options - Grey rustic frame 1"""
"Ltd Edition - Water and Spirit Buffalo","722","1769;1770;1771;1772","0.00","2;0;0;0","Frame Options - Without frame ;Frame Options - Black rustic frame 1"";Frame Options - Brown rustic frame 1"";Frame Options - Grey rustic frame 1"""
"Canvas - Journey to the Spirit World","744","1857;1858;1859;1860","0.00","1;0;1;0","Frame Options - Without frame ;Frame Options - Wood floater frame black;Frame Options - Wood floater frame brown;Frame Options - Wood floater frame pewter"
"Card - The Forest Temple","781","","5.50","17",""
"Card - Depth","782","","5.50","7",""
"Card - Horizon","783","","5.50","21",""
"Card - M'Otter love","784","","5.50","6",""
"Small Print - Horizon","786","","25.00","15",""
"Small Print - M'Otter Love","787","","25.00","2",""
"Small Print - The Forest Temple","788","","25.00","16",""
"Ltd Edition - The Forest Temple","789","1901;1902;1903;1904","0.00","3;0;0;0","Frame Options - Without frame ;Frame Options - Black rustic frame 1"";Frame Options - Brown rustic frame 1"";Frame Options - Grey rustic frame 1"""
"Ltd Edition - M'Otter Love","790","1925;1926;1927;1928","0.00","2;0;0;0","Frame Options - Without frame ;Frame Options - Black rustic frame 1"";Frame Options - Brown rustic frame 1"";Frame Options - Grey rustic frame 1"""
"Ltd Edition - Depth","791","1513;1514;1515;1516","0.00","3;0;0;0","Frame Options - Without frame ;Frame Options - Black rustic frame 1"";Frame Options - Brown rustic frame 1"";Frame Options - Grey rustic frame 1"""
"Card - Wikwemikong","797","","5.50","18",""
"Card - Abundance","798","","5.50","23",""
"Card - Northern Masters","799","","5.50","13",""
"Small Print - Northern Masters","800","","25.00","7",""
"Ltd Edition - Northern Masters","801","1316;1317;1318;1319","0.00","0;0;0;2","Frame Options - Black rustic frame 1"";Frame Options - Brown rustic frame 1"";Frame Options - Grey rustic frame 1"";Frame Options - Without frame "
"Carla Palazzo ""Silent Seekers""","805","1325;1326;1327;1328;1329","169.00","2;0;0;0;1","Size - XS;Size - S;Size - M;Size - L;Size - XL"
"Carla Palazzo ""Northern Keepers""","806","1320;1321;1322;1323;1324","169.00","0;1;0;0;1","Size - XS;Size - S;Size - M;Size - L;Size - XL"
"Coco Tank ""Silent Seekers""","807","1435;1436;1437;1438;1439","69.00","1;0;0;1;0","Size - XS;Size - S;Size - M;Size - L;Size - XL"
"Coco Tank ""Northern Keepers""","808","1430;1431;1432;1433;1434","69.00","1;1;0;1;0","Size - XS;Size - S;Size - M;Size - L;Size - XL"
"Coco Tank ""Giving Thanks""","809","1425;1426;1427;1428;1429","69.00","1;0;2;1;0","Size - XS;Size - S;Size - M;Size - L;Size - XL"
"Dolly Top ""Northern Keepers""","810","2194;2195;2196;2197;2198","119.00","0;1;0;1;0","Size - XS;Size - S;Size - M;Size - L;Size - XL"
"Jackie Legging ""Silent Seekers""","814","1340;1341;1342;1343;1344","109.00","1;0;0;0;1","Size - XS;Size - S;Size - M;Size - L;Size - XL"
"Jeanne Dress ""Wisdom Keepers""","819","3117;3118;3119;3120;3121","139.00","0;1;0;1;1","Size - XS;Size - S;Size - M;Size - L;Size - XL"
"K Smith T-Shirt ""Silent Seekers""","820","1405;1406;1407;1408;1409","79.00","1;1;1;2;1","Size - XS;Size - S;Size - M;Size - L;Size - XL"
"K Smith T-Shirt ""Depth""","821","2313;2314;2315;2316;2317","79.00","0;2;2;0;1","Size - XS;Size - S;Size - M;Size - L;Size - XL"
"Kaplan Tank ""M'Otter Love""","822","1420;1421;1422;1423;1424","129.00","2;1;2;1;2","Size - XS;Size - S;Size - M;Size - L;Size - XL"
"Kaplan Tank ""Silent Seekers""","823","1415;1416;1417;1418;1419","129.00","3;1;1;0;1","Size - XS;Size - S;Size - M;Size - L;Size - XL"
"Kaplan Tank ""Water and Spirit Buffalo""","824","1410;1411;1412;1413;1414","129.00","0;0;2;0;0","Size - XS;Size - S;Size - M;Size - L;Size - XL"
"Kate Dress ""Depth""","825","1395;1396;1397;1398;1399","149.00","1;1;1;1;1","Size - XS;Size - S;Size - M;Size - L;Size - XL"
"Kate Dress ""M'Otter Love""","826","1390;1391;1392;1393;1394","149.00","1;1;2;1;1","Size - XS;Size - S;Size - M;Size - L;Size - XL"
"Kate Dress ""Silent Seekers""","827","1385;1386;1387;1388;1389","149.00","1;1;1;0;1","Size - XS;Size - S;Size - M;Size - L;Size - XL"
"Kate Dress ""Northern Keepers""","828","1380;1381;1382;1383;1384","149.00","1;1;0;0;0","Size - XS;Size - S;Size - M;Size - L;Size - XL"
"Kate Dress ""The River Keeper""","829","1375;1376;1377;1378;1379","149.00","0;1;0;0;1","Size - XS;Size - S;Size - M;Size - L;Size - XL"
"Kate Dress ""Giving Thanks""","830","3042;3043;3044;3045;3046","149.00","1;0;0;2;0","Size - XS;Size - S;Size - M;Size - L;Size - XL"
"Pablo Pillow ""M'Otter Love""","834","","49.00","4",""
"Pablo Pillow ""Silent Seekers""","835","","49.00","4",""
"Pablo Pillow ""Northern Keepers""","836","","49.00","3",""
"Pablo Pillow ""Water and Spirit Buffalo""","837","","49.00","2",""
"Patti Tunic ""Northern Keepers""","841","1480;1481;1482;1483;1484","119.00","1;1;0;1;0","Size - XS;Size - S;Size - M;Size - L;Size - XL"
"Vivienne Scarf ""Depth""","845","","49.00","2",""
"Vivienne Scarf ""M'Otter Love""","846","","49.00","3",""
"Vivienne Scarf ""Silent Seekers""","847","","49.00","4",""
"Vivienne Scarf ""The River Keeper""","849","","49.00","5",""
"Vivienne Scarf ""Dialogue""","850","","49.00","2",""
"Vivienne Scarf ""Water and Spirit Buffalo""","852","","49.00","9",""
"Vivienne Scarf ""Zenith""","854","","49.00","2",""
"Vivienne Scarf ""Forest Temple""","855","","49.00","4",""
"Yoko Cape Tunic ""Depth""","856","3177;3178;3179;3180;3181","129.00","1;1;1;1;1","Size - XS;Size - S;Size - M;Size - L;Size - XL"
"Yoko Cape Tunic ""M'Otter Love""","858","1465;2070;2071;2072;2073","129.00","1;1;1;1;1","Size - XS;Size - S;Size - M;Size - L;Size - XL"
"Yoko Cape Tunic ""Silent Seekers""","859","1460;1461;1462;1463;1464","129.00","1;1;0;1;1","Size - XS;Size - S;Size - M;Size - L;Size - XL"
"Yoko Cape Tunic ""Nothern Keepers""","861","3182;3183;3184;3185;3186","129.00","1;1;0;0;0","Size - XS;Size - S;Size - M;Size - L;Size - XL"
"Yoko Cape Tunic ""Wisdom Keepers""","864","1440;1441;1442;1443;1444","129.00","0;0;0;1;1","Size - XS;Size - S;Size - M;Size - L;Size - XL"
"K Smith T-Shirt ""M'Otter Love""","865","3312;3313;3314;3315;3316","79.00","2;1;2;2;1","Size - XS;Size - S;Size - M;Size - L;Size - XL"
"Dorothy Grant City Bag","867","4023;4024;4025","87.50","0;2;0","Colors - Black;Colors - Red;Colors - Turquoise"
"Pablo Pillow ""Lapinx""","869","","49.00","3",""
"Pablo Pillow ""Forest Temple""","870","","49.00","6",""
"Pablo Pillow ""Whisper""","871","","49.00","2",""
"Joni Dress ""Lapinx""","881","3097;3098;3099;3100;3101","139.00","0;1;0;1;0","Size - XS;Size - S;Size - M;Size - L;Size - XL"
"Jasper Tie ""Journey to the Spirit World""","892","","79.00","2",""
"Jackie Legging ""Wisdom Keepers""","894","3007;3008;3009;3010;3011","109.00","0;0;0;1;1","Size - XS;Size - S;Size - M;Size - L;Size - XL"
"Kate Dress ""Early Evening Flowing into Fall""","911","3037;3038;3039;3040;3041","149.00","0;1;0;0;1","Size - XS;Size - S;Size - M;Size - L;Size - XL"
"Jeanne Dress ""Forest Temple""","912","3107;3108;3109;3110;3111","139.00","1;0;1;1;1","Size - XS;Size - S;Size - M;Size - L;Size - XL"
"Frida Cardigan ""Wisdom Keepers""","916","2927;2928;2929;2930;2931","129.00","1;1;0;0;0","Size - XS;Size - S;Size - M;Size - L;Size - XL"
"Frida Cardigan ""Whisper""","917","2942;2943;2944;2945;2946","129.00","0;2;1;0;1","Size - XS;Size - S;Size - M;Size - L;Size - XL"
"Frida Cardigan ""The Forest Temple""","918","2937;2938;2939;2940;2941","129.00","1;0;1;1;1","Size - XS;Size - S;Size - M;Size - L;Size - XL"
"Frida Cardigan ""Zenith""","919","2932;2933;2934;2935;2936","129.00","0;1;1;0;0","Size - XS;Size - S;Size - M;Size - L;Size - XL"
"Frida Cardigan ""Journey to the Spirit World""","920","2922;2923;2924;2925;2926","129.00","1;1;2;0;1","Size - XS;Size - S;Size - M;Size - L;Size - XL"
"Michelle Dress ""Lapinx""","921","3167;3168;3169;3170;3171","129.00","1;0;1;1;0","Size - XS;Size - S;Size - M;Size - L;Size - XL"
"Leather Moccasins for Men","927","2127;2128;2129;2566;2567;7177;7178;7179;7180;7181","0.00","0;0;0;1;1;0;0;2;2;2","Shoes Size - 13;Shoes Size - 12;Shoes Size - 11;Shoes Size - 15;Shoes Size - 14;Shoes Size - 6;Shoes Size - 7;Shoes Size - 8;Shoes Size - 9;Shoes Size - 10"
"Leather Moccasins for Men","930","2153;2154;2155;2156;2159;2160;7182;7183;7184;7185","0.00","1;1;0;1;1;2;1;0;0;0","Shoes Size - 12;Shoes Size - 11;Shoes Size - 10;Shoes Size - 6;Shoes Size - 9;Shoes Size - 13;Shoes Size - 7;Shoes Size - 8;Shoes Size - 14;Shoes Size - 15"
"Pablo Pillow ""Depth""","933","","49.00","4",""
"Patti Tunic ""New Day""","936","3247;3248;3249;3250;3251","119.00","1;0;2;0;0","Size - XS;Size - S;Size - M;Size - L;Size - XL"
"Dolly Top ""Depth""","939","3232;3233;3234;3235;3236","119.00","1;0;0;1;0","Size - XS;Size - S;Size - M;Size - L;Size - XL"
"Kaplan Tank ""New Day""","944","3277;3278;3279;3280;3281","129.00","2;3;1;0;0","Size - XS;Size - S;Size - M;Size - L;Size - XL"
"Pablo Pillow ""New Day""","950","","49.00","2",""
"Frida Cardigan ""Merging Earth and Sky""","954","2947;2948;2949;2950;2951","129.00","1;1;0;0;0","Size - XS;Size - S;Size - M;Size - L;Size - XL"
"Frida Cardigan ""M'Otter Love""","955","2952;2953;2954;2955;2956","129.00","0;0;2;1;1","Size - XS;Size - S;Size - M;Size - L;Size - XL"
"Frida Cardigan ""Silent Seekers""","956","2957;2958;2959;2960;2961","129.00","2;1;1;2;1","Size - XS;Size - S;Size - M;Size - L;Size - XL"
"Vivienne Scarf ""Early Evening Flowing into Fall""","962","","49.00","3",""
"Coco Tank ""Depth""","964","3297;3298;3299;3300;3301","69.00","1;0;3;0;1","Size - XS;Size - S;Size - M;Size - L;Size - XL"
"Coco Tank ""New Day""","965","3302;3303;3304;3305;3306","69.00","1;2;1;2;1","Size - XS;Size - S;Size - M;Size - L;Size - XL"
"Coco Tank ""M'Otter Love""","966","3307;3308;3309;3310;3311","69.00","1;1;0;0;0","Size - XS;Size - S;Size - M;Size - L;Size - XL"
"K Smith T-Shirt ""The Forest Temple""","968","3322;3323;3324;3325;3326","79.00","0;1;0;1;0","Size - XS;Size - S;Size - M;Size - L;Size - XL"
"Kate Dress ""Forest Temple""","969","3052;3053;3054;3055;3056","149.00","0;1;0;2;0","Size - XS;Size - S;Size - M;Size - L;Size - XL"
"Joni Dress ""New Day""","976","3102;3103;3104;3105;3106","139.00","0;0;1;0;1","Size - XS;Size - S;Size - M;Size - L;Size - XL"
"Kimono ""M'Otter Love""","977","2368","109.00","5","Size - TU/OS"
"Kimono ""Forest Temple""","979","2370","109.00","6","Size - TU/OS"
"Michelle Dress ""Whisper""","981","3157;3158;3159;3160;3161","129.00","0;-1;0;1;2","Size - XS;Size - S;Size - M;Size - L;Size - XL"
"Skirt Alex ""Silent Seekers""","984","2992;2993;2994;2995;2996","129.00","0;1;0;1;0","Size - XS;Size - S;Size - M;Size - L;Size - XL"
"Frida Cardigan ""New Day""","986","2962;2963;2964;2965;2966","129.00","1;0;0;0;1","Size - XS;Size - S;Size - M;Size - L;Size - XL"
"Frida Cardigan ""Depth""","987","2967;2968;2969;2970;2971","129.00","1;0;1;0;0","Size - XS;Size - S;Size - M;Size - L;Size - XL"
"Frida Cardigan ""Early Evening Flowing into Fall""","988","2972;2973;2974;2975;2976","129.00","0;0;2;1;1","Size - XS;Size - S;Size - M;Size - L;Size - XL"
"Jackie Legging ""Whisper""","989","3012;3013;3014;3015;3016","109.00","0;1;0;0;1","Size - XS;Size - S;Size - M;Size - L;Size - XL"
"Jackie Legging ""New Day""","990","3017;3018;3019;3020;3021","109.00","1;1;0;1;1","Size - XS;Size - S;Size - M;Size - L;Size - XL"
"Carla Palazzo ""Depth""","992","3032;3033;3034;3035;3036","169.00","0;1;1;1;0","Size - XS;Size - S;Size - M;Size - L;Size - XL"
"Vivienne Scarf ""Lapinx""","994","","49.00","3",""
"Vivienne Scarf ""Horizon""","996","","49.00","4",""
"Vivienne Scarf ""New Day""","997","","49.00","6",""
"Vivienne Scarf ""Whisper""","998","","49.00","3",""
"Vivienne Scarf ""Wisdom Keepers""","999","","49.00","4",""
"Kate Dress ""Wisdom Keepers""","1006","3067;3068;3069;3070;3071","149.00","2;2;1;2;1","Size - XS;Size - S;Size - M;Size - L;Size - XL"
"Frida Cardigan ""Giving Thanks""","1010","2977;2978;2979;2980;2981","129.00","0;1;1;0;0","Size - XS;Size - S;Size - M;Size - L;Size - XL"
"Frida Cardigan ""Northern Keepers""","1012","2982;2983;2984;2985;2986","129.00","1;1;0;0;1","Size - XS;Size - S;Size - M;Size - L;Size - XL"
"Skirt Alex ""Depth""","1016","3002;3003;3004;3005;3006","129.00","0;1;1;1;1","Size - XS;Size - S;Size - M;Size - L;Size - XL"
"Jeanne Dress ""Horizon""","1018","3122;3123;3124;3125;3126","139.00","1;1;2;0;0","Size - XS;Size - S;Size - M;Size - L;Size - XL"
"Suede Moccasins for Men","1020","2508;2512;7186;7187;7188;7189;7190;7191;7192;7193","0.00","3;2;0;0;2;0;0;2;3;3","Shoes Size - 12;Shoes Size - 8;Shoes Size - 6;Shoes Size - 7;Shoes Size - 13;Shoes Size - 14;Shoes Size - 15;Shoes Size - 9;Shoes Size - 10;Shoes Size - 11"
"Suede Moccasins for Women","1021","2520;2521;2522;2523;2524;2538;2539","64.00","2;1;2;1;2;0;0","Shoes Size - 10;Shoes Size - 9;Shoes Size - 8;Shoes Size - 7;Shoes Size - 6;Shoes Size - 4;Shoes Size - 5"
"Mousecassins for Babies","1029","2618;2619;2620;2621;2622","40.00","2;1;1;2;3","Shoes Size - 2;Shoes Size - 3;Shoes Size - 4;Shoes Size - 5;Shoes Size - 6"
"Suede Moccasins for Women","1031","2633;2635;2637;2638;7196;7197;7198;7829","0.00","2;0;2;3;0;2;2;1","Shoes Size - 5;Shoes Size - 7;Shoes Size - 9;Shoes Size - 10;Shoes Size - 4;Shoes Size - 6;Shoes Size - 8;Shoes Size - 11"
"Suede Moccasins for Women","1032","2639;2640;2641;2642;2643;2644;2645","114.00","0;1;0;0;0;0;1","Shoes Size - 5;Shoes Size - 6;Shoes Size - 7;Shoes Size - 8;Shoes Size - 9;Shoes Size - 10;Shoes Size - 4"
"Suede Moccasins for Women","1034","7041;7042;7043;7044;7045;7199;7200","61.00","1;1;2;2;2;0;0","Shoes Size - 6;Shoes Size - 7;Shoes Size - 8;Shoes Size - 9;Shoes Size - 10;Shoes Size - 4;Shoes Size - 5"
"Suede Moccasins for Junior","1035","2667;2668;2669;2670;2671;2672","48.00","1;2;1;2;1;2","Shoes Size - 1;Shoes Size - 2;Shoes Size - 3;Shoes Size - 11;Shoes Size - 12;Shoes Size - 13"
"Suede Moccasins for Children","1036","2679;2680;2681;2682","44.00","2;1;2;2","Shoes Size - 7;Shoes Size - 8;Shoes Size - 9;Shoes Size - 10"
"Suede Moccasins for Babies","1037","2689;2690;2691;2692;2693","40.00","1;2;2;2;1","Shoes Size - 2;Shoes Size - 3;Shoes Size - 4;Shoes Size - 5;Shoes Size - 6"
"Suede Moccasins for Women","1039","2705;2706;7201;7202;7203;7204;7205","114.00","1;1;0;0;0;0;0","Shoes Size - 9;Shoes Size - 10;Shoes Size - 4;Shoes Size - 5;Shoes Size - 6;Shoes Size - 7;Shoes Size - 8"
"Suede Moccasins for Women","1040","2708;2711;2712;7206;7207;7208;7209","114.00","1;0;1;0;0;0;0","Shoes Size - 5;Shoes Size - 8;Shoes Size - 9;Shoes Size - 4;Shoes Size - 6;Shoes Size - 7;Shoes Size - 10"
"Leather Moccasins for Women","1042","2722;2723;2724;2725;2726;2728;7210","120.00","2;0;1;2;0;1;2","Shoes Size - 6;Shoes Size - 7;Shoes Size - 8;Shoes Size - 9;Shoes Size - 4;Shoes Size - 10;Shoes Size - 5"
"Leather Moccasins for Men","1044","2744;2745;2746;2748;2749;5997;7216;7217;7218;7219","0.00","2;0;3;3;2;0;1;0;0;2","Shoes Size - 7;Shoes Size - 8;Shoes Size - 10;Shoes Size - 12;Shoes Size - 13;Shoes Size - 9;Shoes Size - 6;Shoes Size - 14;Shoes Size - 15;Shoes Size - 11"
"Leather Moccasins for Women","1045","2761;2763;2764;2765;2766;2767;7220","98.00","1;0;0;2;2;2;1","Shoes Size - 4;Shoes Size - 6;Shoes Size - 7;Shoes Size - 8;Shoes Size - 9;Shoes Size - 10;Shoes Size - 5"
"Suede Moccasins for Juniors","1046","2775;2776;2777;2779;2780;7221","66.00","1;1;0;1;1;0","Shoes Size - 11;Shoes Size - 12;Shoes Size - 13;Shoes Size - 2;Shoes Size - 3;Shoes Size - 1"
"Kimono ""Silent Seekers""","1059","2867","109.00","6","Size - TU/OS"
"Nina Tablecloth ""Depth""","1060","","119.00","3",""
"Nina Tablecloth ""Silent Seekers""","1061","","119.00","3",""
"Nino Place Mats ""Silent Seekers""","1063","","15.00","4",""
"Yoko Cape Tunic ""Lapinx""","1066","3212;3213;3214;3215;3216","129.00","0;1;1;0;0","Size - XS;Size - S;Size - M;Size - L;Size - XL"
"Cassatt Vest ""Depth""","1067","2883;2884;2885;2886;2887","119.00","0;1;1;0;0","Size - XS;Size - S;Size - M;Size - L;Size - XL"
"Ballerina Slippers","1076","3378;3382;3383;7224;7225;7226","96.00","2;4;3;0;2;2","Shoes Size - 5;Shoes Size - 9;Shoes Size - 10;Shoes Size - 6;Shoes Size - 7;Shoes Size - 8"
"Ballerina Slippers","1078","3396;3401;7227;7228;7229;7230","96.00","3;2;2;4;2;3","Shoes Size - 5;Shoes Size - 10;Shoes Size - 6;Shoes Size - 7;Shoes Size - 8;Shoes Size - 9"
"Ballerina Slippers","1079","3408;3413;7231;7232;7233;7234","96.00","1;1;0;0;1;2","Shoes Size - 5;Shoes Size - 10;Shoes Size - 6;Shoes Size - 7;Shoes Size - 8;Shoes Size - 9"
"Ballerina Slippers","1081","3432;3433;3436;3437;7240;7241","96.00","1;1;1;2;1;2","Shoes Size - 5;Shoes Size - 6;Shoes Size - 9;Shoes Size - 10;Shoes Size - 7;Shoes Size - 8"
"Ballerina Slippers","1082","3444;3445;3448;3449;7242;7243","96.00","2;0;0;0;0;0","Shoes Size - 5;Shoes Size - 6;Shoes Size - 9;Shoes Size - 10;Shoes Size - 7;Shoes Size - 8"
"Ballerina Slippers","1083","3456;3461;7244;7245;7246;7247","96.00","2;0;0;0;0;0","Shoes Size - 5;Shoes Size - 10;Shoes Size - 6;Shoes Size - 7;Shoes Size - 8;Shoes Size - 9"
"Ballerina Slippers","1084","3469;3470;3471;3473;7248;3468","96.00","1;1;0;2;0;2","Shoes Size - 6;Shoes Size - 7;Shoes Size - 8;Shoes Size - 10;Shoes Size - 9;Shoes Size - 5"
"Buffalo Sage","1089","6881;6882;6883;6884;6885;6886;7849","0.00","10;0;18;40;0;23;0","Smudge - 5"" thin;Smudge - 5"" large;Smudge - 5"" thin with lavender;Smudge - 9"" large;Smudge - 9"" pearly-everlasting;Smudge - Bulk 1oz;Smudge - 5"" thin with rosemary"
"Sweetgrass","1090","","12.00","34",""
"Ladies Suede Moccasins","1100","3656;3657;3661;7280;7281;7282;7283;7284;7285","65.00","0;1;1;0;0;0;0;0;0","Shoes Size - 6;Shoes Size - 7;Shoes Size - 11;Shoes Size - 4;Shoes Size - 5;Shoes Size - 8;Shoes Size - 9;Shoes Size - 10;Shoes Size - 12"
"Leather Moccasins for Men","1101","3663;3664;3665;3668;3670;6905;7286;7287;7288;7289","0.00","2;2;3;2;0;0;1;0;0;0","Shoes Size - 6;Shoes Size - 7;Shoes Size - 8;Shoes Size - 11;Shoes Size - 13;Shoes Size - 14;Shoes Size - 9;Shoes Size - 10;Shoes Size - 12;Shoes Size - 15"
"Suede Moccasins for Men","1102","3683;3685;3686;3689;3690;7290;7291;7292;7293;7294","142.00","1;1;2;1;2;2;0;0;0;0","Shoes Size - 6;Shoes Size - 8;Shoes Size - 9;Shoes Size - 12;Shoes Size - 13;Shoes Size - 7;Shoes Size - 10;Shoes Size - 11;Shoes Size - 14;Shoes Size - 15"
"Suede Slippers for Men","1105","3718;3719;3720;3721;3722;3723;3724;6907;7302;7303","0.00","1;1;1;1;0;0;0;1;0;0","Shoes Size - 6;Shoes Size - 7;Shoes Size - 8;Shoes Size - 9;Shoes Size - 10;Shoes Size - 11;Shoes Size - 12;Shoes Size - 15;Shoes Size - 13;Shoes Size - 14"
"Ladies Mukluks","1112","3982;7585;7586;7587;7588;7589;7590;7591;7592","380.00","2;0;0;0;0;0;0;0;0","Shoes Size - 6;Shoes Size - 4;Shoes Size - 5;Shoes Size - 7;Shoes Size - 8;Shoes Size - 9;Shoes Size - 10;Shoes Size - 11;Shoes Size - 12"
"Ladies Mukluks","1114","3998;3999;4000;4001;4002;4003;4004;4005;4006","227.00","0;0;0;0;1;1;1;0;0","Shoes Size - 4;Shoes Size - 5;Shoes Size - 6;Shoes Size - 7;Shoes Size - 8;Shoes Size - 9;Shoes Size - 10;Shoes Size - 11;Shoes Size - 12"
"Mukluks for Men","1117","3850;3851;3853;7548;7549;7550;7551;7552;7553","300.00","2;1;0;0;0;0;0;0;0","Shoes Size - 11;Shoes Size - 12;Shoes Size - 10;Shoes Size - 7;Shoes Size - 8;Shoes Size - 9;Shoes Size - 13;Shoes Size - 14;Shoes Size - 15"
"Mukluks for Men","1118","3862;3863;7554;7555;7556;7557;7558;7559;7560","285.00","1;1;0;0;0;0;0;0;0","Shoes Size - 10;Shoes Size - 9;Shoes Size - 7;Shoes Size - 8;Shoes Size - 11;Shoes Size - 12;Shoes Size - 13;Shoes Size - 14;Shoes Size - 15"
"Crossbody City Bag, Bear Box","1132","4020;4021;4022","150.00","2;0;0","Colors - Black Deer;Colors - Red Deer;Colors - Turquoise Deer"
"Wristlet, Raven","1142","4058;4059;4060;4061;4067;4068","42.00","0;0;0;2;0;0","Colors - Red;Colors - Cherry;Colors - Turquoise;Colors - Walnut;Colors - Black;Colors - Tan"
"Bill Helin Raven Whale Pendant","1159","","70.00","2",""
"Bill Helin Eagle Pendant","1161","","70.00","2",""
"Bill Helin Hummingbird Earrings","1163","","75.00","2",""
"Eagle Serving Set - (sold separately)","1164","4134;4135","120.00","1;1","Style - Slotted ladle;Style - Ladle"
"Bookend Bear Frog","1165","","65.00","2",""
"Chief Grinder Salt/Pepper/Herbs","1187","5587;5589;5590","80.00","1;1;0","Colors - Rosewood;Colors - Ivory;Colors - Slate"
"Princess Grinder Salt/Pepper/Herbs","1188","5600;5601;5602","80.00","1;0;1","Colors - Ivory;Colors - Slate;Colors - Rosewood"
"Bear Pendant","1200","","480.00","2",""
"Horse Pendant/Brooch","1293","","210.00","2",""
"Turtle Earrings","1376","","80.00","2",""
"Turtle Earrings","1380","","48.00","3",""
"Bear Paw Earrings","1384","","50.00","3",""
"Bear Paw Earrings","1385","","35.00","4",""
"Bear Paw Earrings","1388","","38.00","3",""
"Leather Moccasins for Men","1411","6087;6088;6089;7324;7325;7326;7327;7328;7329","0.00","1;1;1;0;0;0;0;0;0","Shoes Size - 12;Shoes Size - 13;Shoes Size - 14;Shoes Size - 6;Shoes Size - 7;Shoes Size - 8;Shoes Size - 9;Shoes Size - 10;Shoes Size - 15"
"Suede Slippers for Men","1414","6190;6191;6193;6196;7339;7340;7341;7342;7343;7344","104.00","1;1;1;1;3;0;0;0;0;0","Shoes Size - 7;Shoes Size - 8;Shoes Size - 10;Shoes Size - 13;Shoes Size - 6;Shoes Size - 9;Shoes Size - 11;Shoes Size - 12;Shoes Size - 14;Shoes Size - 15"
"Ladies Suede Moccasins","1417","6228;6229;6230;6233;6236;7345;7346;7347;7348","62.00","1;2;1;1;1;0;0;0;0","Shoes Size - 4;Shoes Size - 5;Shoes Size - 6;Shoes Size - 9;Shoes Size - 12;Shoes Size - 7;Shoes Size - 8;Shoes Size - 10;Shoes Size - 11"
"Suede Moccasins for Men","1426","6379;6380;7371;7372;7373;7374;7375;7532;7533;7534","0.00","4;4;0;0;0;1;0;1;0;0","Shoes Size - 8;Shoes Size - 9;Shoes Size - 4;Shoes Size - 5;Shoes Size - 6;Shoes Size - 7;Shoes Size - 10;Shoes Size - 11;Shoes Size - 12;Shoes Size - 13"
"Moose Halo Mug","1435","","11.00","4",""
"Chesse Platter","1462","6462;6463","92.00","1;1","Colors - Black;Colors - Rosewood"
"Bill Helin Feather Pendant","1496","","70.00","2",""
"Bear Paw Pendant","1525","","95.00","3",""
"Bear Paw Pendant","1526","","50.00","2",""
"Loop Bail for Pendant","1530","","40.00","2",""
"Loop Bail for Pendant","1531","","25.00","2",""
"Bear Earrings","1562","","230.00","2",""
"Bear Earrings","1563","","240.00","2",""
"Half Moon Earrings","1621","","95.00","2",""
"Bear Paw/Feather Earrings","1628","","60.00","2",""
"Bear Paw Earrings","1629","","50.00","3",""
"Bear Paw Earrings","1632","","35.00","2",""
"Oval Earrings","1644","","90.00","2",""
"Stud Earrings","1646","","28.00","3",""
"Ladies Mukluks","1663","6579;6581;6582;7637;7638;7639;7640;7641;7642","467.00","0;1;1;0;0;2;1;0;0","Shoes Size - 7;Shoes Size - 9;Shoes Size - 10;Shoes Size - 4;Shoes Size - 5;Shoes Size - 6;Shoes Size - 8;Shoes Size - 11;Shoes Size - 12"
"Stud Earrings","1774","","30.00","6",""
"Stud Earrings","1775","","30.00","5",""
"Stud Earrings","1776","","30.00","3",""
"Stud Earrings","1777","","30.00","6",""
"Stud Earrings","1782","","20.00","4",""
"Stud Earrings","1783","","30.00","5",""
"Stud Earrings","1788","","30.00","2",""
"Stud Earrings","1789","","30.00","2",""
"Stud Earrings","1791","","20.00","2",""
"Stud Earrings","1794","","30.00","2",""
"Bill Helin Hummingbird Pendant","2242","","70.00","2",""
"Bill Helin Salmon Pendant","2243","","70.00","2",""
"Bill Helin Hummingbird Earrings","2244","","75.00","3",""
"Dorothy Grant Flap Bag","2245","6599;6600","113.00","1;1","Colors - Black;Colors - Red"
"Ladies Suede Moccasins","2284","6614;6615;6616;6617;6618;7385;7386;7387;7388","73.00","0;2;1;1;1;0;0;0;0","Shoes Size - 7;Shoes Size - 8;Shoes Size - 9;Shoes Size - 10;Shoes Size - 11;Shoes Size - 4;Shoes Size - 5;Shoes Size - 6;Shoes Size - 12"
"Kaplan Tank ""Wisdom Keepers""","2408","6663;6664;6665;6666;6667","129.00","1;1;0;0;1","Size - S;Size - M;Size - L;Size - XL;Size - XS"
"Michelle Dress ""Wisdom Keepers""","2542","6670;6671;6672;6673;6674","129.00","1;0;1;0;0","Size - S;Size - M;Size - L;Size - XL;Size - XS"
"Leather Moccasins for Babies","2693","6712;6713;6714;7433;7434;7435","42.00","1;1;1;0;1;1","Shoes Size - 3;Shoes Size - 4;Shoes Size - 5;Shoes Size - 1;Shoes Size - 2;Shoes Size - 6"
"""Merging Earth and Sky"" Mask","2773","6743;6744;6745;6746;6747","18.00","1;5;7;21;13","Size - XS;Size - S;Size - L;Size - XL;Size - M"
"""Depth"" Mask","2791","6748;6749;6750;6751;6752","18.00","1;3;6;17;6","Size - XS;Size - S;Size - L;Size - XL;Size - M"
"""M'Otter Love"" Mask","2792","6753;6754;6755;6756;6757","18.00","2;0;4;17;6","Size - XS;Size - S;Size - L;Size - XL;Size - M"
"""Silent Seekers"" Mask","2793","6758;6759;6760;6761;6762","18.00","0;4;-1;13;20","Size - XS;Size - S;Size - L;Size - XL;Size - M"
"""Northern Keepers"" Mask","2794","6763;6764;6765;6766;6767","18.00","0;3;14;11;10","Size - XS;Size - S;Size - L;Size - XL;Size - M"
"""Going Home"" Mask","2795","6768;6769;6770;6771;6772","18.00","2;4;12;17;17","Size - XS;Size - S;Size - L;Size - XL;Size - M"
"""Giving Thanks"" Mask","2796","6773;6774;6775;6776;6777","18.00","0;0;6;30;9","Size - XS;Size - S;Size - L;Size - XL;Size - M"
"""Water and Spirit Buffalo"" Mask","2798","6778;6779;6780;6781;6782","18.00","2;0;19;31;26","Size - XS;Size - S;Size - L;Size - XL;Size - M"
"""Forest Temple"" Mask","2799","6783;6784;6785;6786;6787","18.00","0;4;22;13;12","Size - XS;Size - S;Size - L;Size - XL;Size - M"
"""Early Evening Flowing into Fall"" Mask","2800","6788;6789;6790;6791;6792","18.00","0;5;4;16;11","Size - XS;Size - S;Size - L;Size - XL;Size - M"
"""New Day"" Mask","2801","6793;6794;6795;6796;6797","18.00","4;3;7;15;7","Size - XS;Size - S;Size - L;Size - XL;Size - M"
"""Wisdom Keepers"" Mask","2802","6798;6799;6800;6801;6802","18.00","0;4;14;21;13","Size - XS;Size - S;Size - L;Size - XL;Size - M"
"Ladies Suede Moccasins","2896","6819;7437;7438;7439;7440;7441;7442;7443;7444","73.00","0;0;0;0;0;1;1;1;0","Shoes Size - 10;Shoes Size - 4;Shoes Size - 5;Shoes Size - 12;Shoes Size - 6;Shoes Size - 7;Shoes Size - 8;Shoes Size - 9;Shoes Size - 11"
"""Lapinx"" Mask","2904","6830;6831;6832;6833;6834","18.00","0;2;7;9;14","Size - XS;Size - S;Size - L;Size - XL;Size - M"
"""Journey to the Spirit World"" Mask","2905","6835;6836;6837;6838;6839","18.00","0;0;4;7;0","Size - XS;Size - S;Size - L;Size - XL;Size - M"
"""Horizon"" Mask","2907","6840;6841;6842;6843;6844","18.00","0;0;6;8;9","Size - XS;Size - S;Size - L;Size - XL;Size - M"
"""Whisper"" Mask","2908","6845;6846;6847;6848;6849","18.00","0;4;6;30;10","Size - XS;Size - S;Size - L;Size - XL;Size - M"
"Michelle Dress ""M'Otter Love""","2910","6855;6856;6857;6858;6859","129.00","0;1;1;1;1","Size - S;Size - M;Size - L;Size - XL;Size - XS"
"Corrine Hunt Moccasins Eagle","2986","6860;6861;6862","65.00","0;3;0","Shoes Size - 24 months;Shoes Size - 36 months;Shoes Size - 18 months"
"Bill Helin Lovebird Earrings","2988","","75.00","2",""
"Skirt Alex ""Merging Earth and Sky""","3055","6863;6864;6865;6866;6867","129.00","1;0;0;0;1","Size - S;Size - M;Size - L;Size - XL;Size - XS"
"Kokopelli Earrings","3085","","95.00","2",""
"Bear Paws/Feather Earrings","3102","","60.00","2",""
"Leather Moccasins for Men","3162","6870;6872;7445;7446;7447;7448;7449;7450;7451;7452","0.00","0;2;0;0;1;1;1;1;0;0","Shoes Size - 12;Shoes Size - 10;Shoes Size - 6;Shoes Size - 7;Shoes Size - 8;Shoes Size - 9;Shoes Size - 11;Shoes Size - 13;Shoes Size - 14;Shoes Size - 15"
"Ladies Mukluks","3200","6888;6889;6890;6891;7643;7644;7645;7646;7647","223.00","1;1;1;1;0;0;0;0;0","Shoes Size - 7;Shoes Size - 8;Shoes Size - 9;Shoes Size - 10;Shoes Size - 4;Shoes Size - 5;Shoes Size - 6;Shoes Size - 11;Shoes Size - 12"
"Leather Moccasins for Children","3281","6939;6940;6941;6942","53.00","2;1;0;1","Shoes Size - 3;Shoes Size - 4;Shoes Size - 5;Shoes Size - 6"
"Pablo Pillow ""Merging Earth and Sky""","3333","","49.00","4",""
"Mark Garfield Raven Trivet or Coasters","3553","","12.50","5",""
"Leather Moccasins for Men","3554","7008;7009;7010;7011;7014;7486;7487;7488;7489;7490","84.50","0;2;3;1;3;0;0;1;0;0","Shoes Size - 10;Shoes Size - 11;Shoes Size - 12;Shoes Size - 13;Shoes Size - 9;Shoes Size - 6;Shoes Size - 7;Shoes Size - 8;Shoes Size - 14;Shoes Size - 15"
"Ladies Suede Slippers","3556","7016;7017;7018;7019;7020;7491;7492","167.00","0;1;2;1;0;0;0","Shoes Size - 6;Shoes Size - 7;Shoes Size - 8;Shoes Size - 9;Shoes Size - 10;Shoes Size - 4;Shoes Size - 5"
"Suede Moccasins for Children","3756","7493;7494;7495;7496;7497;7498;7499;7500","63.00","0;0;0;0;0;3;2;1","Shoes Size - 10;Shoes Size - 8;Shoes Size - 9;Shoes Size - 7;Shoes Size - 3;Shoes Size - 4;Shoes Size - 5;Shoes Size - 6"
"Ballerina Slippers","3840","7501;7502;7503;7504;7505;7506","96.00","2;0;3;2;1;1","Shoes Size - 10;Shoes Size - 6;Shoes Size - 7;Shoes Size - 8;Shoes Size - 9;Shoes Size - 5"
"Sheepskin Insoles","4061","7648;7649;7650;7651;7652;7653","18.00","3;3;2;3;1;2","Size - XS;Size - S;Size - M;Size - L;Size - XL;Shoes Size - XXL"
"Ltd Edition - All my Relations","4079","7699;7700;7701;7702","0.00","3;0;0;0","Frame Options - Without frame ;Frame Options - Black rustic frame 1"";Frame Options - Brown rustic frame 1"";Frame Options - Grey rustic frame 1"""
"Card - All my Relations","4080","","5.50","12",""
"Small Print - All my Relations","4081","","25.00","9",""
"Card - Footprint","4083","","5.50","20",""
"Small Print - Footprint","4088","","25.00","6",""
"Card - Humility","4126","","5.50","25",""
"Small Print - Humility","4127","","25.00","13",""
"Abalone Shell","4128","8127;8128","0.00","5;9","Smudge - Small 3.5"" x 4.5"";Smudge - Medium 4.5"" x 5.5"""
"Ltd Edition - Humility","4129","7729;7730;7731;7732","0.00","0;0;0;2","Frame Options - Black rustic frame 1"";Frame Options - Brown rustic frame 1"";Frame Options - Grey rustic frame 1"";Frame Options - Without frame "
"Leather Mukluks for Men","4139","7737;7738;7739;7740;7741;7742;7743;7744;7745;7746","0.00","1;1;0;0;0;0;0;1;1;0","Shoes Size - 12;Shoes Size - 11;Shoes Size - 15;Shoes Size - 14;Shoes Size - 6;Shoes Size - 7;Shoes Size - 8;Shoes Size - 9;Shoes Size - 10;Shoes Size - 13"
"Leather Mukluks for Men","4141","7754;7755;7756;7757;7759;7760;7761;7762;7763;7788","0.00","0;0;0;0;0;1;0;0;0;1","Shoes Size - 12;Shoes Size - 11;Shoes Size - 15;Shoes Size - 14;Shoes Size - 7;Shoes Size - 8;Shoes Size - 9;Shoes Size - 10;Shoes Size - 13;Shoes Size - 6"
"Ltd Edition - Refuge","4148","7809;7810;7811;7812","0.00","0;0;0;3","Frame Options - Black rustic frame 1"";Frame Options - Brown rustic frame 1"";Frame Options - Grey rustic frame 1"";Frame Options - Without frame "
"Ltd Edition - Under the Same Sky","4150","7817;7818;7819;7820","0.00","0;0;0;2","Frame Options - Black rustic frame 1"";Frame Options - Brown rustic frame 1"";Frame Options - Grey rustic frame 1"";Frame Options - Without frame "
"Card - Refuge","4156","","5.50","25",""
"Card - Seed of Life","4157","","5.50","19",""
"Card - Kouragimut","4162","","5.50","15",""
"Small Print - Seed of Life","4170","","25.00","17",""
"Small Print - Under the Same Sky","4171","","25.00","4",""
"Small Print - Wikwemikong","4173","","25.00","13",""
"Andrew Williams Double Eagle Bracelet","4241","7832;7833","95.50","1;1","Size - 6.5"";Size - 8"""
"Passport Pouch Raven","4303","7835;7836;7837;7838","62.00","1;0;1;1","Colors - Turquoise;Colors - Black;Colors - Red;Colors - Tan"
"The gift card","4523","7967;8015;8016;8051;8056;8109;8126","0.00","10;9;9;10;10;9;10","The gift card;Gift card amount - 25, Gift card template - 5081;Gift card amount - 50, Gift card template - 5081;Gift card template - 5081, Gift card amount - 20;Gift card amount - 200, Gift card template - 5081;Gift card amount - 75, Gift card template - 5081;Gift card amount - 100, Gift card template - 5081"
"Nino Place Mats ""New Day""","4550","","15.00","7",""
"Nino Place Mats ""Under the Same Sky""","4552","","15.00","5",""
"Nino Place Mats ""M'Otter Love""","4553","","15.00","6",""
"""Under the Same Sky"" Mask","4850","7973;7974;7975;7976;7977","18.00","0;0;0;6;1","Size - XS;Size - S;Size - L;Size - XL;Size - M"
"""Gezaluwegit"" Mask","4851","7978;7979;7980;7981;7982","18.00","0;0;5;3;10","Size - XS;Size - S;Size - L;Size - XL;Size - M"
"Bastien Pillow ""Under the Same Sky""","4863","","49.00","3",""
"Vivienne Scarf ""Under the Same Sky""","4864","","49.00","4",""
"Vivienne Scarf ""Gezaluwejit""","4865","","49.00","2",""
"Kimono ""Gezaluwejit""","4866","7983","109.00","2","Size - TU/OS"
"Kimono ""Under the Same Sky""","4867","7984","109.00","5","Size - TU/OS"
"Kate Dress ""Gezaluwejit""","4871","7985;7986;7987;7988;7989","149.00","1;1;2;0;0","Size - S;Size - M;Size - L;Size - XL;Size - XS"
"Leather Moccasins for Women","4919","7995;7996;7997;7998;7999;8000;8001","91.00","0;0;1;1;0;0;0","Shoes Size - 6;Shoes Size - 7;Shoes Size - 8;Shoes Size - 9;Shoes Size - 4;Shoes Size - 5;Shoes Size - 10"
"Carla Palazzo ""Under the Same Sky""","5121","8002;8003;8004;8005;8006","169.00","2;2;1;1;1","Size - S;Size - M;Size - L;Size - XL;Size - XS"
"Carla Palazzo ""Gezaluwejit""","5122","8007;8008;8009;8010;8011","169.00","1;1;0;1;1","Size - S;Size - M;Size - L;Size - XL;Size - XS"
"Kate Dress ""Under the Same Sky""","5174","8017;8018;8019;8020;8021","149.00","0;1;0;1;0","Size - S;Size - M;Size - L;Size - XL;Size - XS"
"Bastien Pillow ""Silent Seekers""","5178","","49.00","3",""
"Bastien Pillow ""Gezaluwejit""","5183","","49.00","5",""
"Kiki T-Shirt ""Silent Seekers""","5188","8027;8028;8029","89.00","0;3;3","Size - 1X;Size - 2X;Size - 3X"
"Kiki T-Shirt ""Silent Seekers""","5191","8030;8031;8032","99.00","3;3;0","Size - 2X;Size - 3X;Size - 1X"
"Claudia Shawl ""Under the Same Sky""","5214","","99.00","6",""
"Coco Tank ""Gezaluwejit""","5215","8036;8037;8038;8039;8040","69.00","1;1;2;0;1","Size - S;Size - M;Size - L;Size - XL;Size - XS"
"Coco Tank ""Under the Same Sky""","5217","8041;8042;8043;8044;8045","69.00","1;2;2;1;2","Size - S;Size - M;Size - L;Size - XL;Size - XS"
"Mia Farrow Turtleneck ""Under the Same Sky""","5224","8046;8047;8048;8049;8050","139.00","2;0;1;1;1","Size - S;Size - M;Size - L;Size - XL;Size - XS"
"Card - New Fire","5389","","5.50","30",""
"Marlene ""Gezaluwejit""","5724","8104;8105;8106;8107;8108","129.00","0;0;2;1;2","Size - XS;Size - S;Size - M;Size - XL;Size - L"
"Marlene ""Under the Same Sky""","6565","8129;8130;8131;8132;8133","129.00","2;2;1;2;3","Size - S;Size - M;Size - XL;Size - L;Size - XS"
